station_id,date,temperature,precipitation,wind_speed
station_7,2022-06-28,-6.751842212861652,23.67004407474563,5.458999894629757
station_4,2020-04-07,-9.57484426026233,2.9858244485444665,6.828505392085966
station_8,2018-12-22,19.34342035369938,33.58211407730149,8.975576079892296
station_5,2021-09-09,30.880953114964086,29.110437988411558,18.26465360842913
station_7,2023-02-07,23.459048180599673,49.510444679381074,3.787868357696922
station_10,2018-05-07,27.52561802563259,11.957938889112151,0.10053105219606229
station_3,2019-08-27,4.287905745111988,26.536867764341793,1.201928207563403
station_7,2023-04-13,19.244547722319886,32.547866755903634,18.095326833602357
station_8,2020-10-10,1.2541744266864718,32.22955873711718,12.950329296867263
station_5,2018-02-20,11.5302773181184,28.064677147420134,5.460812386556135
station_4,2021-12-01,8.89809079209174,38.84640051636127,3.543850020223822
station_8,2022-11-28,-9.386771291368737,10.249060476340821,5.885334732742287
station_8,2022-06-25,3.22472562013785,36.28136001372079,2.295938545025602
station_3,2022-07-04,37.82933652894106,30.98672857165446,18.83065820568882
station_6,2021-04-20,-5.085184537103476,44.80375558972867,15.684123487305337
station_5,2023-01-29,-11.971775823230677,42.359721951679084,9.247823538250815
station_2,2019-07-21,5.114837297436118,15.757351956627662,17.299252102304038
station_8,2020-07-24,27.420264151608883,13.811866248757653,4.989164085864646
station_6,2023-04-19,14.928893786798334,49.08266619262239,14.34241136944387
station_2,2021-08-25,20.85848963429467,26.363259045762828,17.12264998027487
station_5,2018-07-21,-8.61830910951937,45.32104819572184,7.135374232465452
station_1,2018-04-27,17.136891580463292,8.19405118902411,15.149288909014354
station_10,2020-07-25,-0.5899763053115734,32.14094574000871,5.901446985286187
station_6,2019-07-29,30.05820195728605,40.493009368029306,5.977142705180616
station_9,2019-06-21,17.757928360644172,47.36976247932234,2.141143571083721
station_1,2022-06-14,-8.068623333482245,16.867007050851175,8.801160930187974
station_10,2023-10-24,-16.12299920935483,36.24905849620262,14.594238129948444
station_3,2019-01-21,-17.442007442778035,26.94065045198095,18.8044161114257
station_7,2019-04-20,2.284514059008444,3.03144630332341,12.075939838581922
station_4,2019-02-22,-4.04893180074119,34.49998686544717,17.26271075471478
station_9,2020-07-27,18.76540740775048,34.50482791189217,16.449892985804542
station_3,2020-08-12,9.960030098717098,46.53034024232685,3.466861059505617
station_5,2020-05-25,-4.038843319677156,24.86562230844862,9.71634857825263
station_3,2020-02-02,-11.045733322989433,11.512546035525734,2.3384707105078295
station_7,2021-04-17,-12.368014238753025,2.2281911724339576,13.643063231232698
station_5,2021-04-20,31.879623528425057,20.782109334295285,18.99799336492152
station_9,2019-10-26,-5.391321895707966,15.095835003875091,2.74178916157513
station_7,2018-01-25,19.102638874658098,38.05441530119378,14.677662616050826
station_2,2023-06-14,28.641155679175974,17.713388242052332,12.644763017357219
station_4,2021-04-18,16.844878671084167,47.453559815742196,11.672100740161994
station_9,2019-12-11,31.57391389881675,48.11551014938921,7.802404693766785
station_2,2023-02-23,3.543623291708471,31.045429510885402,7.102632955076251
station_10,2021-03-30,37.3733314389369,46.433014350744145,0.9049837803777572
station_9,2018-10-12,-12.011299749314183,38.04271722572478,4.358174165040269
station_10,2018-03-04,-13.871028220547714,27.34298204875631,0.30353764573653796
station_5,2020-09-29,19.521528772446615,9.015396771138906,11.62834211164041
station_2,2019-10-24,36.569868484795705,22.929897175692,2.117064717558177
station_4,2022-02-01,28.533007698179688,28.043723168130878,17.460387880594322
station_7,2020-08-24,-15.414988433716914,43.19807903675051,10.462860413943304
station_8,2020-04-28,-3.2379371639170174,24.066668826783243,13.993798181174169
station_3,2021-01-12,35.81913309026942,44.88373363389783,8.21714183680993
station_1,2019-11-20,-4.816494031952928,33.717448951173445,11.211596180020972
station_4,2018-05-28,26.870225427215154,6.849953152683569,18.85318353933261
station_2,2018-12-08,29.507931755722225,49.74906846625465,1.6546807924734153
station_8,2020-12-22,9.727126207658905,26.361633037695633,5.078755438473923
station_4,2022-09-21,3.1809345908989286,19.592914820453945,15.599766538210886
station_2,2021-10-15,7.007465945185579,32.95568822347633,1.974744137653317
station_6,2018-11-23,-6.3821183380781505,5.444665699051954,1.513222078082217
station_6,2022-11-28,33.363454967730654,31.826932337667717,7.230827975080771
station_10,2022-10-26,7.037179403785473,24.911800024963647,1.8433591694486462
station_4,2020-09-16,32.94756642736599,20.333703499929157,11.701568844124061
station_6,2020-08-09,-13.658391205623555,47.651001058944956,4.525505016331996
station_2,2019-12-24,39.296516260007884,26.12698583660266,17.913959263987447
station_10,2023-09-11,6.596385246617096,10.95587397349692,15.670001616905134
station_2,2019-03-05,-17.130150776353673,22.948173968864932,13.994104121989523
station_10,2022-02-09,-17.718689105752706,45.969370228633636,12.338880547690039
station_4,2018-10-13,24.772435448910315,8.804773566529732,17.269314606829266
station_8,2023-08-28,19.542132052220843,10.697851934411846,4.461241230855137
station_7,2020-02-08,28.127833487655252,0.6514783878541874,17.462176855284554
station_9,2021-10-26,-13.677947962831642,0.709502469788359,15.789845968481046
station_8,2018-07-13,-17.8657479778671,41.469581347925626,14.963216527753712
station_5,2020-09-14,10.51475736685471,36.60613034214779,11.225113561498482
station_2,2021-02-10,3.25571388896617,17.752052822597914,4.924883219412002
station_5,2023-12-02,7.716816200257345,34.91555786137864,8.470958319837926
station_8,2022-08-29,39.49530453221644,19.76029631549851,15.871413090776032
station_10,2020-08-04,38.244997460240214,47.64483979989137,0.6355696871464889
station_9,2020-04-10,36.53892338039157,48.35263407130174,15.641015385275166
station_9,2023-04-05,27.030560606060433,19.63968879046717,4.80141480975133
station_1,2018-02-24,1.290481615413423,42.7110953170434,2.8861840144320605
station_9,2020-03-10,4.727855815766297,38.654452084873306,2.314026363606043
station_7,2020-02-17,12.97696262313547,15.499996858589466,0.5450002390163022
station_9,2022-01-21,29.832067384290397,11.6019914450553,10.471729704429059
station_8,2023-03-17,-15.877230048903934,22.911732519641692,4.36519745387459
station_1,2023-11-05,5.457813153093287,39.067442030720315,19.788635315592632
station_8,2018-02-24,-15.04294019244388,48.008389236437274,11.488735117444115
station_8,2022-12-29,10.879455194410696,38.17895344332863,2.7577053871202084
station_3,2021-04-16,33.934049440374125,42.7603492509185,13.775250816227306
station_1,2020-04-12,26.949095473836273,30.153215308525827,17.954871330194507
station_8,2018-11-09,-6.329454947413403,41.770391542106296,14.903589907392288
station_3,2023-02-02,38.55945097592755,39.221042900170886,1.5287972207889533
station_3,2023-07-01,20.0410238827857,18.849277096314005,17.91768362385319
station_1,2023-06-30,-19.374338036155816,27.599515106036055,15.878587717199295
station_5,2022-11-26,-4.675190918886829,40.237656099484745,3.166078002112287
station_10,2018-11-24,-4.357202004805007,2.302836709497819,1.0357177746563373
station_7,2021-07-11,-15.844741622848403,40.403964117791496,11.14621150628617
station_10,2023-11-14,37.58959108455574,8.894406202451172,3.120716226799538
station_9,2021-01-16,8.695317674555426,25.734180856071948,16.69181905190544
station_7,2021-08-04,33.74887584231292,40.413771977796884,7.1666931334334745
station_9,2019-03-28,-0.6670697933222982,12.691053907834743,18.25784889473151
station_8,2022-03-04,-12.485985774030372,12.290371965307651,11.313763442820115
station_2,2018-06-14,8.460166594372833,20.138219923112594,3.653447684793363
station_1,2018-07-01,-13.16260191714097,44.732139878881725,2.791977347196002
station_7,2020-06-28,9.160930178652396,0.02213907186039421,11.529448751155078
station_7,2020-04-02,35.217830873164466,45.06915483209675,15.237672237248878
station_8,2020-08-01,11.246088510052765,7.690351232080389,15.630112954843643
station_5,2023-06-25,16.989983613705007,49.504318803374105,5.515148088825626
station_3,2023-08-17,-10.601693781571502,47.742349651923405,4.08493517824335
station_8,2018-11-26,-17.375862447201833,24.733759479564167,0.33512608984764825
station_6,2020-02-14,-13.351522269211578,25.636012390631407,13.583983024023388
station_3,2018-05-27,15.91189454106194,24.077467013792713,1.5313651686707797
station_1,2020-07-03,-14.29929806046172,31.77218228297613,8.415224035318516
station_3,2022-04-21,2.559573396478683,4.5360851117465515,12.033643280365922
station_5,2021-08-01,13.005516427489361,1.6308974170783253,18.74217889839354
station_3,2018-03-23,3.3191679177908213,2.8851464207949427,6.236042739115373
station_1,2019-05-29,-10.178971912081911,22.21826746207572,4.995443248930396
station_5,2023-04-05,-3.5725215491536098,13.777396960974169,13.08320308572197
station_10,2023-04-24,35.69905197091462,31.101978118549688,12.384780641071632
station_7,2020-01-16,20.558936535181324,49.62211446873895,6.6421956661624915
station_7,2021-11-10,9.762870320793194,19.316158653823294,18.56203671019573
station_9,2019-12-08,-19.23710660078639,28.69206270522567,16.897246549792655
station_10,2019-04-16,39.54492402936821,20.780194795366775,4.479650917301623
station_10,2019-01-31,20.28729609367859,42.36358338609297,4.782850908690463
station_3,2022-04-05,-0.984651359303303,45.11182017311191,10.246006937741612
station_7,2020-03-15,32.756119599870296,43.867780610263004,15.471442034614407
station_1,2020-07-22,-4.4941027824909145,48.71861193396288,0.8808075877692878
station_4,2021-07-03,12.640994750965092,1.3759592570207646,13.866703074694133
station_4,2022-10-24,18.164245823789507,41.99080810727655,12.96471794764194
station_5,2020-06-23,-6.736197712776292,37.588608651954665,4.629601918259764
station_7,2020-12-12,38.70383672803575,11.43472047001824,13.627060264826977
station_7,2023-03-06,24.891514358739855,47.816004669376376,18.803663825041653
station_4,2022-03-04,13.468793530664193,7.408896411497273,0.9357168994353704
station_7,2021-10-19,-9.164324109481948,33.97749635669542,6.393041105841251
station_3,2021-07-27,-16.76850758011843,11.244510840795623,8.763534333327105
station_6,2019-08-16,-0.7964100487409915,21.569032438703733,17.98520717849379
station_2,2023-10-08,25.19124015480417,35.95799484722845,19.245228932183135
station_10,2018-05-08,-3.840122101878496,28.166232101652334,8.882304929926645
station_9,2020-01-06,12.373373229730305,21.375091566405587,15.000568242843823
station_5,2019-06-05,23.676830603844593,16.31692154659936,10.63322047528966
station_6,2018-08-25,-13.523377121212139,41.98298278543952,10.755658694827531
station_4,2021-07-28,21.117880966952406,7.190717515740685,5.561990301327128
station_10,2022-11-17,-14.487746737397318,21.505143826490002,4.339124917277591
station_7,2021-07-25,37.90778452761979,45.18787858875711,5.7601069184808225
station_9,2023-08-14,9.303647803896375,42.29247752299838,11.126560145141585
station_7,2019-03-18,-10.959433537407357,20.047088123652333,0.5831037204417799
station_1,2023-09-08,0.543018162012789,38.15541818006542,18.144978887128115
station_1,2020-03-15,4.804986957715688,41.15804153544296,3.1256741909955243
station_9,2018-03-16,25.49110066459224,44.444371200181486,4.401773537427731
station_9,2023-12-16,24.605427164596556,27.2252884524614,10.365523528952927
station_4,2023-09-21,16.71643032023986,10.22304430273559,14.202295326745586
station_9,2021-10-11,-13.644157246490423,12.765453825196582,1.914581094887946
station_3,2018-02-10,-10.905837704739586,14.78473370208021,6.3538939509432435
station_7,2023-09-13,-14.374584761266602,29.690124040480775,19.373492111487142
station_6,2022-08-28,14.630366997253006,1.640481206430422,5.246859335618915
station_8,2021-11-02,32.62830649068424,31.802123438998414,6.261002901262938
station_9,2019-08-11,6.028030735286308,18.2177119214116,16.72996981236067
station_5,2022-06-11,-10.349109562535228,14.762090124482107,1.004288633809105
station_1,2018-12-08,13.482539508938018,43.97482853640632,9.292263376179417
station_3,2023-09-06,28.705133011942593,23.000119779039945,7.5923352890334055
station_10,2019-10-08,24.502723690775802,4.752652276634639,6.331735198173023
station_8,2020-01-01,32.88704678050129,41.33733840131235,5.713991880895291
station_6,2018-06-17,-3.3258741650679298,2.38206287182533,1.827482097208184
station_8,2019-09-02,-8.362767963933509,36.337461208409835,6.2965165870329765
station_9,2022-11-08,32.78898915651632,38.69531108853326,0.8610480543133714
station_4,2023-08-03,19.453618766681387,17.630130296442907,15.619277272888706
station_1,2019-03-31,-1.3442641995467497,41.23939281388934,7.964555879160233
station_1,2022-09-05,24.54088303435055,25.78297029282267,8.878076646398231
station_10,2019-12-03,28.907103068822074,23.16468266363984,17.87189172900263
station_4,2022-05-19,16.89869442046794,2.2701640734346276,13.161099677224415
station_7,2018-05-10,21.273046592794906,14.501459682445294,0.16118206684239578
station_2,2023-01-20,2.5155942665599795,46.55049854426499,18.8634964592257
station_3,2021-10-18,12.321740040582348,19.591198164175,4.742889319554225
station_1,2019-11-24,11.449550243569735,27.335026027838417,2.152283695197177
station_5,2021-10-26,30.88286746784631,26.60108394921259,15.362563567617645
station_1,2020-03-04,30.397838816930957,29.521554491134665,10.009546317334364
station_8,2018-01-29,29.960828160822594,3.0665477821641307,8.67541132036035
station_1,2018-05-29,-19.338103144252052,18.108812739936415,4.990061593654835
station_1,2021-08-12,24.972729068133297,36.15641369412771,10.949429797246372
station_2,2023-08-21,25.520583406660293,10.028012553649146,5.4876921040517495
station_2,2021-02-10,20.702729371308507,10.178918877318022,18.031660105741352
station_6,2018-07-06,25.375879473487153,0.5045303344512364,4.304089594663855
station_7,2021-06-04,30.518222289802523,21.874096330410488,17.68710300911507
station_5,2021-08-26,8.219143246107137,44.1367190336711,11.188108514547139
station_1,2018-04-08,10.123012809306829,2.5950471793654506,16.56976267790482
station_1,2018-02-24,-12.51715658531657,9.555935474800132,14.2569199172191
station_3,2020-01-28,3.1225529828417073,15.504226917137753,13.933902228734972
station_2,2019-02-10,18.60191079470706,36.586236828210644,6.486916153901115
station_5,2023-10-18,26.823986568836474,32.03177964012933,4.6779386294440695
station_10,2021-08-05,-6.967454138527367,20.79719522909275,4.217724553615763
station_6,2022-11-21,-11.730626050445876,37.95344696291878,17.143833141191774
station_7,2020-01-21,19.782520270029536,30.481550582845095,16.4085364051804
station_4,2022-10-29,-19.887206988505362,44.802039982860954,8.811470560246146
station_7,2018-12-31,-9.297644941560211,40.90133745693465,2.648092269929092
station_8,2023-07-20,-18.255717179362776,12.640680304460028,7.645045039549167
station_1,2019-04-27,-9.986892928707745,13.57192888171001,12.386869082738228
station_6,2018-06-03,-9.120843204469686,6.267823789619281,9.088063089599057
station_8,2022-03-05,3.260415685023652,16.848236285872826,15.6037853696599
station_5,2023-10-22,4.139627481193358,49.97719593595472,19.952456445027707
station_4,2020-11-06,32.45574823661427,20.28755843075305,3.822641768977937
station_2,2022-07-23,10.606582749929512,11.02442173445532,9.19301639319145
station_6,2021-05-25,23.404285936737175,38.12414422377765,8.61967803841644
station_6,2018-03-02,-13.751758524782753,27.123550173132806,6.089850654979017
station_1,2020-07-27,-6.473674672178369,7.480072476347627,3.9619103344057915
station_9,2022-06-28,22.176606458720606,19.03448405804329,1.3138423297931845
station_6,2023-09-21,-16.831762371888313,20.723485776967166,17.742386344473967
station_3,2018-01-25,9.195859734625188,37.69148502846093,8.396973953726352
station_4,2020-11-28,15.962137939776028,1.0335684445952231,9.937910370000978
station_4,2018-05-11,16.128738643148864,13.450982339915523,18.338840964018317
station_3,2021-06-06,-18.624031323917478,25.8798150657761,15.525809550318957
station_10,2018-04-18,-0.6735197462488713,13.442337122642167,2.6100252823436842
station_3,2018-06-21,18.18943906294924,31.421702370949944,11.308399352154847
station_3,2021-12-29,-11.060015831045394,24.09337396373083,8.845045530391182
station_4,2018-04-12,21.724938899683195,18.08551274297903,15.944221451575256
station_7,2022-06-25,24.755512528820475,47.46043134352561,14.484650952238985
station_4,2020-11-06,38.918151426768716,31.60797495932287,13.80811443822144
station_9,2018-11-26,-7.409480308615436,6.497068613397062,6.810896709597937
station_1,2022-03-01,29.50784005996691,28.004584872169776,16.09927460798509
station_8,2018-01-12,11.217794615119242,39.03659266004505,1.0478259118972244
station_7,2021-09-03,2.407755768650407,35.424484874639866,3.1924980286433446
station_2,2018-08-04,-12.657394560489323,8.60446146476297,6.712465459558235
station_8,2018-12-05,24.130336389252257,48.620999952005164,1.5361488213856256
station_1,2022-12-05,-5.848544051378774,22.4406822873303,4.699885550693832
station_9,2022-10-17,2.2853201123827454,7.9512501870130645,16.603019659958363
station_9,2022-02-17,-16.247466386157893,9.009787706407396,18.965030755801585
station_2,2019-12-11,28.08201494917114,4.9117496094540245,6.09204711548381
station_7,2021-05-08,25.9953114382986,40.17590542174672,5.2903160797767645
station_10,2021-01-17,24.016949802538747,6.101524716092433,5.597853044928538
station_3,2021-07-15,-2.033389370486802,6.256262857087346,5.554381747016876
station_7,2019-05-04,-9.591195544042566,42.523580738041886,0.7186036437194598
station_10,2022-04-11,18.253195868213787,17.23020422237798,18.53832692662216
station_9,2018-02-16,9.769983046793168,1.5428952154036224,4.273962831406568
station_4,2020-02-17,-9.304851985721506,2.594764975920544,8.4000814816281
station_1,2020-11-05,21.15467626299182,7.1085223351947775,0.1937376548193548
station_2,2019-12-12,39.46758590927822,10.669667398784476,17.159101818301142
station_1,2019-02-05,24.83317526452226,33.25730971192027,14.623146889098344
station_5,2022-12-23,24.399183201136708,7.866314000091412,18.935120703474063
station_5,2018-09-07,37.018765175835505,5.9437195588536,15.63230958392798
station_7,2019-01-26,-7.823817945505869,38.23595707381396,6.274130241041305
station_9,2018-12-01,13.93299789528642,33.552764192995724,4.957467174568473
station_9,2019-09-21,38.77880290203301,21.76621107276181,13.954326151065858
station_3,2018-05-17,-10.082353341789528,27.4654885740052,7.282255500209988
station_3,2022-03-02,22.015117566671258,15.599201016320924,11.324300315052332
station_3,2020-04-06,15.148608758314118,24.125021011768034,0.1251494205294046
station_4,2019-12-28,15.188745531322418,25.33363244913729,1.237714033609505
station_8,2022-02-09,21.860237651204507,19.361863558904798,10.707358823633024
station_6,2020-09-16,35.77701537254105,45.328610533608135,11.321432928963302
station_8,2020-07-23,26.954916391080275,0.8030932490503073,15.029058889186873
station_1,2019-02-06,-16.6318337950274,39.10856315456231,2.639306392479235
station_8,2022-01-06,31.163681192542676,6.219141562066216,10.263661675135577
station_4,2019-09-07,-6.467520204456044,39.87736802685997,3.888952888633772
station_1,2021-07-20,2.6148498841823162,30.79559578383606,1.8639223912538938
station_8,2021-03-28,7.703968816742929,42.16390454682012,8.209915881211092
station_4,2021-01-26,8.85436004518418,4.875716282044873,3.2667329617811447
station_6,2018-05-11,6.110823955321408,27.949031704988702,4.435639563846372
station_8,2021-04-09,36.24119765295187,25.054394013109853,6.351091597390035
station_4,2018-07-02,22.361140459841472,35.30965914816793,5.187768014863925
station_3,2018-12-30,17.870238757402383,26.71452759468379,1.751825948118928
station_9,2018-02-08,-17.009478333023505,27.03672835665521,1.7983248971940458
station_3,2021-10-04,34.23479981562248,21.479797178803235,3.8649883046833633
station_9,2020-07-09,34.56341152050377,15.441721200367041,1.011183759190779
station_2,2018-01-16,26.81278380580614,24.113218062609608,12.529140393538542
station_2,2019-05-08,-19.578247771182852,5.924617938420029,5.746534330178039
station_2,2021-12-20,-16.563184935342598,48.07566694915424,5.59491935538142
station_6,2021-02-05,-6.486577863890615,35.720538181329914,6.639965884755304
station_3,2018-11-07,-12.119035511305597,47.62335583439234,13.255925484194433
station_9,2020-01-09,3.9301617822237667,11.336369116498163,17.412677629669812
station_4,2019-06-30,35.35738348526738,43.9670510088264,15.181738651112768
station_1,2018-09-08,8.323626051819897,40.43949922817692,14.5505846045019
station_4,2020-01-29,-19.195842414070064,33.85762062288368,9.687823712016986
station_1,2022-12-10,-3.035258625274281,31.251459304260287,13.876111139348236
station_5,2021-07-21,-17.32430549762231,15.8274832633935,11.055247360671663
station_4,2022-06-20,-17.82274264318987,40.820539248251535,4.325010563730578
station_8,2023-03-30,-3.4568088142668643,25.07577307398669,4.171767354821014
station_8,2020-03-24,-3.463259679263274,3.544578794564268,5.927840137505669
station_7,2018-01-29,27.22759615609624,15.6431580427565,18.216053419396264
station_3,2020-08-15,38.490079166866714,46.76485492726638,10.948296807594517
station_1,2023-07-26,2.272425633399898,42.53401303024231,14.678107540037388
station_1,2019-04-22,5.7332127316623165,49.09528490382696,6.931175196330952
station_3,2018-11-14,30.687366177161287,31.399669130204906,8.154315413304506
station_6,2018-09-02,-3.911658794269197,12.375503657020598,2.5113115727450275
station_7,2020-01-18,-10.617091735793123,8.140752483843189,3.4258991564334074
station_6,2019-11-28,31.185377404219025,9.345722030423081,16.54713109652291
station_6,2018-09-29,-17.20996481359607,0.9897829173627193,11.696772633777641
station_6,2022-11-07,17.181966411964943,19.53410554929696,6.750649317676379
station_3,2021-06-16,13.71957084800841,9.571384024977124,16.05702417991092
station_6,2018-09-23,0.755226850101657,20.58277302283512,4.93039811275966
station_8,2020-07-09,-1.088628734158462,46.74972159193827,19.520653972004077
station_2,2018-12-06,26.311463570897274,21.527010475359496,6.896352154923395
station_5,2019-01-24,-14.81452335424721,43.89922484924174,6.746219083024552
station_1,2023-08-13,-5.792941441316877,30.275238330793826,6.2382381107341045
station_1,2021-03-11,23.946923910285385,12.356577733069596,2.4422303184857586
station_5,2019-01-11,12.899235023585454,17.79273796296057,2.222742946640248
station_3,2023-07-27,-12.320707487984816,4.1959767910714705,12.962100690682467
station_4,2018-05-26,32.92813685692361,16.673129679800525,17.50236089116094
station_3,2023-06-05,3.6068707938154922,33.8770472751767,15.81041020543347
station_1,2018-10-20,29.672102519330373,3.6055546464717594,2.822151880427022
station_1,2019-03-08,27.26278093166252,10.270070423901467,10.91164243584133
station_5,2019-12-06,17.465526788303684,19.072052070665574,2.1118309195328
station_6,2023-06-22,9.66886787770558,49.102476850798126,0.9058928722615489
station_3,2019-02-03,38.77305042290541,39.24309114794401,13.127717187695344
station_9,2020-08-21,-11.302095657210977,36.6743373246052,10.703046673607005
station_5,2023-08-04,23.509343653066885,5.809547826272299,1.640473704229417
station_8,2023-01-03,-8.52855791211266,39.04979468074957,0.6987849281197689
station_1,2023-10-10,0.2957863199409019,39.26344057580076,19.795128268186694
station_5,2020-07-27,-1.4780753976082863,30.055134781216413,0.6004266429814376
station_3,2019-12-11,36.82215926432338,49.5180890999186,8.890565061003192
station_1,2020-03-17,38.04137066729651,16.262695296227598,10.09238049215391
station_4,2022-01-03,-9.019073345916372,47.063622412092585,2.345602956008901
station_5,2021-08-18,-18.677890382149748,45.73655574782518,3.381235568794325
station_7,2018-01-11,23.200482379786784,0.5740329874688921,7.03610012820705
station_1,2020-12-21,5.079396032229059,22.505826323740553,15.233517524273253
station_3,2023-02-12,-14.669585294746136,48.85521165257867,10.141648481205333
station_2,2020-02-11,21.02524633462255,5.1560681204037895,12.75803749105923
station_9,2022-05-14,12.706331695641978,27.389234719165973,19.703491101813494
station_10,2022-05-27,38.83100932006636,48.947875352055206,15.360108706264192
station_6,2021-08-26,-6.355430248317264,27.774771205293007,8.687229962824354
station_10,2020-06-03,4.238672579592894,9.4907651486078,8.928838435930974
station_3,2021-10-21,12.552748203725372,29.109161504629487,12.3754415408201
station_8,2018-08-14,27.501999307201096,10.222028697477342,13.307304168378087
station_8,2020-04-04,12.930319403203526,25.985213144724213,10.014218516733425
station_2,2020-07-25,16.774009651716952,3.7021108956174,12.897224456299599
station_6,2023-03-27,-6.431176904603555,30.274133460720233,0.4706498882819754
station_7,2022-12-02,30.815123685313587,25.83949695640791,8.592457277936882
station_2,2018-02-23,5.717832818228544,37.00806843807315,5.578761521469535
station_10,2019-12-28,-11.542422348693844,31.53502355793925,2.583488904862208
station_2,2022-03-25,19.851274870325042,27.480313426537833,1.9909302561755027
station_10,2020-11-09,-7.034572808881549,34.48894246240606,12.06384331229335
station_1,2023-03-29,-14.146249385642015,7.197095678611543,10.472010943052235
station_8,2022-11-12,31.719214504256335,29.767983062930202,5.071682339927383
station_1,2022-05-16,7.60973586930638,8.605530141138884,9.41900117545029
station_9,2023-03-30,24.957022761746586,46.27611039259404,9.844646303648165
station_6,2020-04-29,-2.564746411618696,3.4167052422802104,3.900179608772316
station_7,2023-10-11,27.21820809505998,21.518737484539663,13.041861237633013
station_10,2018-01-03,-13.283844378708181,34.78987388277224,15.618387127721808
station_7,2018-06-09,1.3584024276911641,22.901110583412937,15.82927081779038
station_10,2020-02-20,38.68370907841171,4.604762661645117,12.049396614069101
station_3,2020-06-11,27.639382982080363,27.668950806335367,10.23277165038028
station_2,2023-07-24,9.83535581888129,32.081595441367725,1.2201428601078979
station_9,2019-08-03,0.3866482937131046,35.189615549525385,5.756625977032117
station_8,2023-04-18,32.328142001348596,18.662990723137945,1.865428935563398
station_10,2021-10-12,12.690865545070942,28.18299855143811,19.27646321756947
station_7,2021-07-14,25.505501072146664,22.534323746945656,2.701602924515214
station_9,2022-06-29,25.246460818969844,33.60280193761267,3.035508197022041
station_4,2020-08-09,-18.92325928589049,29.177848366240926,17.791532366609843
station_4,2020-09-14,-12.424773032443193,26.287810977956745,18.878565669529156
station_1,2021-05-03,19.577761983684532,12.476218341912432,15.316580784698196
station_8,2020-07-09,-10.302811322847713,0.10092588741169584,0.1080984734533974
station_3,2021-09-17,-4.670399320663719,8.704083765571463,0.026925419131273998
station_7,2018-06-19,36.79827725197643,5.853302071208432,7.5620153957490155
station_2,2019-06-05,13.610935502494712,22.454237250547337,2.8679074002178506
station_2,2022-01-26,25.04377041996083,30.612907538092234,0.3677228430319457
station_7,2018-02-09,13.478844326958395,10.654250434240408,9.281333788090095
station_6,2022-04-10,13.150816886963511,46.952854798359354,18.861237948139433
station_3,2021-11-19,-14.350885392458126,0.3341064611943889,6.476391498048628
station_9,2020-08-12,0.6197915565461827,38.615050758267145,13.22281356857393
station_10,2020-09-10,-3.0541460788092962,31.26023847652211,13.044707062648815
station_6,2020-09-01,3.443701936816794,18.677740052384095,5.021602073303355
station_10,2018-02-07,27.900651293459696,2.524447220620396,13.008504976477287
station_10,2021-06-28,2.3159600750118905,31.374328589213967,4.246679485737825
station_6,2021-04-14,7.1018091539009625,19.280675643282404,2.440148271537781
station_1,2022-06-14,3.8428834291189915,46.813356970660955,14.027665711193801
station_4,2020-07-02,-14.395521681482265,27.099503744488295,2.2688163420783347
station_10,2019-03-30,6.464329495047025,46.98257556467541,19.938184371787106
station_6,2018-02-06,-8.263443617329099,11.024184673665205,3.6690480230045863
station_6,2022-09-08,-8.796602253617511,36.286295518205165,11.88283725512915
station_5,2020-03-06,-14.35783373394402,30.862451042436284,8.227491428251788
station_1,2020-08-30,1.400258448505884,36.97041149156559,2.527728448113342
station_8,2019-08-16,25.448913087365042,10.733393198626839,0.5568781515482679
station_5,2021-02-11,-3.4134985649962353,33.24972581188869,12.454645645856665
station_5,2021-08-17,-1.2590538868691858,24.90201965284345,16.135151275782523
station_7,2018-11-14,18.56047946034542,37.14124874531581,16.840313230134882
station_4,2023-12-03,-8.249551244784868,16.352232207590887,9.65426946153869
station_6,2021-09-08,33.81747582541206,44.50285127326263,15.54910934364771
station_4,2022-05-11,11.211431395093268,4.2150657305675185,13.456942669770894
station_3,2023-03-05,6.856176419213018,40.3594659395594,14.485090549982665
station_7,2023-09-19,13.469211515752086,43.06598129075454,9.851980104436283
station_8,2023-06-20,-10.037941195028273,40.86261556834106,12.668234804842541
station_4,2022-11-08,16.80838831835058,25.636319713088803,16.11051827152114
station_2,2021-08-05,1.7860441980406279,21.919249001538066,7.957683511140461
station_10,2021-07-09,33.83118045787713,49.81311432624384,16.119578017351675
station_3,2018-08-04,-9.868747599338832,11.458597560708107,11.840336855781256
station_1,2023-11-10,10.423066231926462,27.34379829380223,3.318020487415725
station_8,2022-09-01,15.88675776214108,33.53377626911628,0.49368314449169226
station_3,2018-12-29,-17.996983892817127,35.043381793071596,7.255072007983041
station_10,2022-09-13,1.8215874853684149,10.201233286928934,10.933926565926797
station_7,2021-04-08,23.958114082049967,32.69970461699006,16.796407044069767
station_10,2018-12-22,29.222650446938395,40.91847832406687,2.549713602804924
station_5,2018-07-10,-1.210280310963057,2.500928841055611,16.004126953671584
station_10,2019-12-01,27.915596342965074,45.57606466626582,17.26018092134454
station_5,2023-08-17,38.06535262620333,1.4752027572602966,3.0137497400166757
station_7,2023-12-21,31.41243616450565,17.798551624419716,17.03188638608438
station_9,2019-07-11,-12.941360710440488,0.7906598116481034,19.82907135685584
station_5,2020-04-05,24.383819925132435,3.8572584269790933,14.536776620964751
station_1,2020-11-20,-0.8199900535673166,45.55841425900395,15.695393636499759
station_10,2019-03-02,39.304959364724596,17.74304153730739,19.88830535117747
station_10,2022-04-24,9.121538989593226,21.238576521252643,12.109625010518908
station_1,2023-10-31,-12.653966098463538,10.76721906912763,6.157727640324988
station_2,2019-08-12,23.511132881643448,29.85478850933599,16.750616681521112
station_6,2023-07-06,-0.6193280968271679,29.740160733889482,12.289715550232625
station_9,2022-03-28,39.8246894248997,18.61001959126096,11.623908474419132
station_8,2018-10-22,38.78694747127131,16.65174359026992,5.072711110280766
station_5,2023-06-09,19.368041081234843,44.24821540902939,15.126685391657732
station_1,2021-06-01,-12.210413062896945,19.164211982110068,1.6333455172019251
station_7,2022-03-29,21.21165986050174,24.67504960772041,18.485741415893223
station_5,2022-08-18,-14.418170812398367,14.165238121246531,6.516469215409694
station_6,2021-02-10,-18.238150453856463,39.338475167856366,2.555493055799809
station_7,2021-06-10,29.377506773289163,19.87240784495458,8.847330662048376
station_3,2023-08-27,-7.414823138979118,25.680552327216226,0.8493981851306631
station_10,2018-12-26,2.741627573145845,12.667858502983071,13.692523885299327
station_3,2019-12-01,38.407443398570386,49.38297961706259,18.054110208907122
station_5,2019-03-24,0.21043011166619507,14.574787046186144,16.745260142770174
station_6,2019-11-06,-2.2106131230010853,38.53712654527758,2.5473894689576215
station_9,2020-10-04,35.092479977366516,21.37478251783796,2.525422742154637
station_5,2021-09-11,-13.355093280862514,10.310870254206995,16.26868964648528
station_1,2019-08-09,25.574944606877906,39.98593819824306,18.485085492062318
station_4,2021-06-10,39.28393399916644,16.68033945145216,9.213396596669783
station_5,2021-06-01,34.07776064647893,43.25966736989055,9.979422338275318
station_10,2020-09-20,19.100075122385554,45.76285924589115,6.365240827714517
station_10,2021-12-06,-1.1563523004360796,42.9911917695638,17.88530236512828
station_5,2019-07-26,-4.740681129300997,1.7503957403402826,12.898058105847118
station_7,2021-05-30,29.15530629228767,39.36866725025528,5.765031543347369
station_4,2023-09-16,32.78931483710172,20.566973324957193,5.975657421085032
station_1,2020-09-15,11.526094752741571,43.686146009111255,17.824001461272047
station_5,2018-10-05,-5.339603552812031,31.897713134236938,0.27268047811642937
station_7,2021-05-04,-13.223407495329587,41.68215670719792,6.454531454532768
station_10,2023-03-03,-14.769231930090129,24.971588493341766,11.08713362432738
station_10,2019-04-29,23.144646841231335,26.751275229946643,2.9643492419864925
station_6,2021-06-19,5.207123670863499,7.219381606683362,1.8419750839917959
station_5,2020-01-01,34.32159245667222,39.19936793446777,16.3055266218112
station_4,2020-11-06,24.38027804360582,20.96948058334858,17.888087772970145
station_2,2020-07-06,-8.524374925124798,25.00400591357913,16.472128415963788
station_4,2020-06-04,16.82664512894194,39.25488570478538,17.975757794746954
station_10,2018-01-22,6.130327263889562,29.94227000397195,11.06223942116743
station_10,2019-04-19,14.634983846116782,10.054936372133373,16.24516241980684
station_3,2019-12-05,24.284147400311028,29.511632957544638,7.680852767822008
station_10,2019-11-18,28.371752860227446,20.38164289898279,13.32535722958077
station_1,2018-10-12,30.624239584403455,23.476277102193134,19.776710627783288
station_8,2019-12-17,-4.7615075256785175,1.4155637201333893,4.514554476782548
station_5,2020-02-02,-18.133064004958538,10.50146747581408,7.797994925821612
station_4,2021-06-04,24.357684109886392,14.051904069051414,9.600947546201713
station_8,2020-08-05,-13.619376424653524,35.64800039294029,2.7603097404010346
station_7,2020-10-27,-1.104824683221942,0.5746236649057657,1.6207722093011356
station_2,2018-01-29,-19.77097195253917,20.4388630614566,16.594457326432487
station_1,2020-06-25,20.900168944097203,46.201343521286645,19.535887456551723
station_4,2023-10-28,-9.972079311726725,5.5940308274561925,8.094501276593174
station_8,2019-07-24,19.31694458149949,25.821219410930553,1.7529967238930655
station_2,2023-06-30,39.50455703007033,39.326119119542355,1.3162352138115296
station_3,2021-12-24,-15.639747703399022,47.126565376005836,17.826364127205974
station_1,2020-01-08,-15.375319282912358,37.338831976685896,9.276284994553599
station_1,2019-05-31,0.4228055600004943,36.02827743222031,6.400546331247838
station_3,2023-06-24,31.983190855080522,41.324404509788124,9.52922542478799
station_5,2018-02-08,-7.068207872520089,22.310061048877184,6.366081893846946
station_3,2020-06-05,1.6226691958208548,40.292226630891655,9.7807155061524
station_1,2021-01-03,-15.889675602381226,0.3982202372725563,17.191127938358736
station_1,2022-12-29,25.78931747553336,46.22805276884024,11.846027421241914
station_8,2022-09-07,4.498380565567068,22.165325475858765,13.893075456203508
station_10,2020-08-31,25.554923983650568,27.669009393287382,7.2934135246867315
station_2,2022-04-12,34.21647066080771,12.744112445744115,14.770117570210374
station_3,2020-09-15,-6.0342111739226745,37.126541642021074,13.332341697587447
station_2,2018-01-21,28.44376182039708,3.8317903237624407,2.391239955041129
station_3,2020-05-18,-16.454366595304805,43.631790127341766,11.452857062311692
station_7,2018-03-25,33.93084329081484,41.40584145031714,5.13486992619516
station_1,2022-08-10,19.04611285352484,10.80300581223832,16.081913392671858
station_10,2023-05-31,32.453603448301095,40.46621991426312,8.51875416933879
station_8,2021-11-11,-19.988696026605087,39.317886653074076,19.893683303929745
station_10,2022-03-11,-9.855135778640449,31.61082988769745,1.8500087587792757
station_10,2019-07-24,3.3855632455895233,18.676008844984377,15.60695725480317
station_10,2020-07-22,2.7701742024831155,13.574937709093394,13.474034670843128
station_2,2023-06-04,-6.39617702458936,11.589179514467501,15.349976611814109
station_3,2023-01-30,2.8967163920320047,15.930448138180358,6.150595909809127
station_9,2020-03-03,-12.26907727998471,45.17792217162652,9.841089787648013
station_7,2020-03-02,4.765667755961562,3.882038799439064,15.930170394474167
station_4,2022-12-15,28.14125974955585,41.44356381264793,4.6508266324171
station_10,2021-07-18,8.744203786201073,17.44450375209118,4.520663935773042
station_5,2022-05-27,-18.9199946632871,26.07996980056791,11.021019065898647
station_2,2020-12-19,5.286642494754844,39.72428168242453,10.471271590597116
station_8,2020-09-11,-18.36949903454935,44.21882735114856,5.645249408258657
station_4,2022-08-08,37.97460464240789,17.23907100363235,5.961513010496455
station_9,2019-06-04,-12.352762434627863,23.092174063755515,5.55690326413131
station_5,2019-08-14,22.461299579837124,20.725803240839614,15.430241239969753
station_9,2020-11-16,38.36657937352515,0.6625516751955274,13.038017311249213
station_4,2022-09-06,29.562343099994315,14.79714444293283,16.648343668205055
station_10,2023-07-29,21.95892250757222,22.959461686628092,19.50946056628044
station_5,2018-12-15,30.367654570046014,20.55468044402199,9.483285925439729
station_9,2020-08-17,38.90792159563766,36.096461375783974,1.333877628108977
station_8,2023-05-18,17.280669835211775,19.240180861055162,0.9618462082407087
station_3,2019-11-24,13.551088409759586,24.468822448533512,5.913300785432383
station_1,2022-04-09,17.694286627796885,21.480429606618166,18.65089178704902
station_3,2019-01-13,11.960553205693298,37.03130744471853,10.464261099417499
station_4,2019-06-11,18.105346354583126,43.148619949348124,5.435730321602583
station_2,2021-06-13,6.990532478353554,26.59445395037571,7.983335890220391
station_1,2023-02-19,-6.893409027001574,39.47160970975956,11.971902148093417
station_7,2022-10-30,-12.785166409299462,14.839334100992529,13.058993162756845
station_8,2019-06-05,-15.899543868064377,27.068480507863434,3.0783901956581006
station_7,2022-08-29,-4.201052974807995,17.26149768349862,19.54063353090352
station_5,2020-10-13,-17.232586139855968,20.710046278591516,10.895444539655777
station_1,2020-10-10,14.030246795163137,36.62069324063343,2.713766355845586
station_7,2018-04-27,-2.9702931785887827,44.08312411663564,17.872705066922673
station_7,2021-09-29,29.47208848522193,6.07476955438827,1.492768621588576
station_9,2019-08-07,-15.545547620696814,31.731962824369024,18.154708663550252
station_3,2019-01-30,-6.418910339510845,29.107190378889925,19.93131312577965
station_9,2020-12-23,23.814768825408756,5.920751958796594,14.008635983130077
station_1,2018-03-13,15.928497783009483,10.594716522005454,15.408944421479795
station_1,2018-10-01,-16.130523725049947,15.550124736634013,6.7460567293497276
station_4,2023-07-07,32.63436742973202,8.346553540875073,18.831537054678677
station_9,2021-09-05,32.63570576957077,12.186474126217089,10.594279322167353
station_6,2018-12-04,-0.17551976745356868,13.380039943085375,14.647768931951097
station_3,2021-10-21,0.4243506009738809,16.78369165195298,18.48215431822559
station_1,2019-08-30,39.341701501010434,37.46952264005795,19.503599519510168
station_4,2018-06-15,17.57057029558829,28.595610192530035,16.66408713193349
station_9,2022-04-17,11.878991234083546,49.312333597570074,6.0603501396406
station_3,2023-08-21,30.289131013115465,20.73679134837355,19.33095033104165
station_9,2021-08-17,-2.8825796985610133,37.69325369184625,12.562390624871435
station_7,2019-12-30,5.750955603781414,43.57342106882669,18.612849527039195
station_4,2023-08-06,-3.9333994706999498,33.9489246519021,13.522100516287036
station_3,2018-04-12,27.349650795323882,20.5932370208748,6.14477923695441
station_10,2021-11-16,14.400960738113078,37.679731537287644,7.400490482856319
station_5,2020-02-18,19.529504208404234,10.183356888634243,11.00943554205881
station_5,2018-08-02,-4.861565009635607,16.37760825900662,15.80029683119764
station_3,2021-01-16,-6.786481917361094,27.33426275496444,6.359651026806699
station_9,2022-04-26,9.302477738976322,28.770469364307417,11.59462332268384
station_4,2022-08-23,24.253944945569607,1.1070737736314729,6.912499871528031
station_5,2019-08-15,11.514385451209609,47.255709437800434,16.315388092702143
station_4,2021-08-26,-18.041259347259885,34.8313635608695,9.33456187535901
station_5,2021-01-14,32.113090379217326,24.785187511594554,1.5344565370577046
station_7,2023-11-10,-16.118786389092104,46.65636172041542,3.3210504296307275
station_9,2019-12-15,37.349469023245135,21.954778262541424,1.2220933523926458
station_7,2020-07-24,-18.491482503363635,49.02177851351859,9.986058920286505
station_5,2023-05-06,21.66702736784253,25.614237862174257,2.1267459469645433
station_10,2018-08-30,-15.0675761772931,5.714288499898973,2.282799386192642
station_10,2023-08-06,34.64059476610837,38.24004862296386,18.820965200767542
station_7,2018-01-02,7.865994173532567,33.94488625389202,17.45310144352111
station_10,2022-11-04,-11.748573510979076,38.649336065279336,9.04173193622732
station_5,2023-05-04,0.44894198739079627,47.57210143628405,19.716106417004116
station_3,2023-12-04,-10.110519479194277,38.824465132550905,0.003730563413262278
station_7,2020-07-06,-9.7650853065746,30.566830110832342,12.279589125467876
station_2,2018-03-31,36.88649921028653,42.86544511804205,12.328563547437401
station_9,2022-09-06,6.714766737087288,33.66232196772658,9.148861117397765
station_10,2023-12-10,27.32813583432157,20.405952841296155,7.938959458685857
station_10,2018-05-23,18.376333670660912,44.280988212088666,9.107662709612152
station_1,2018-04-16,20.58558174030354,11.095023039218644,8.29920872159361
station_6,2020-06-05,-12.098393691677689,35.73206374543621,14.609849549645988
station_7,2019-03-04,-5.948933191070861,44.07817274703785,2.7071086994656812
station_8,2021-08-21,27.205020109266215,36.565825985164814,3.952784411822603
station_10,2023-03-11,38.245972388486976,34.863770952692846,3.610364567848472
station_9,2023-06-18,-4.239461444080897,37.631914703591804,5.249411702425291
station_2,2018-11-13,-3.7058741149376075,23.25276241503222,10.505168375631666
station_10,2023-06-10,8.37382796865429,43.7085341078513,2.2241749467643745
station_2,2019-09-27,39.03041877132627,10.17182375680456,17.363385906530084
station_5,2023-04-10,-3.8624632504117358,6.369320800016965,5.947230626169446
station_5,2023-08-19,4.418314578055835,14.275439005925577,3.250759749374157
station_6,2021-12-10,33.4888009374104,26.578869838749657,13.512426191964867
station_3,2019-07-07,-19.82473804271828,25.528089770466906,0.7617260119863856
station_8,2019-12-17,-17.61404210068583,41.029937883829334,12.399371297483285
station_1,2021-07-11,16.24430062427315,20.22843282020087,13.963968613529996
station_6,2022-09-10,34.44280988277082,24.217221314575433,4.298330627734384
station_4,2023-02-27,-5.66860037588434,0.6683841629697818,0.8392814688726857
station_1,2021-01-12,8.17850648084254,20.486961822146952,7.2729071783889925
station_7,2021-09-03,7.0279180994690975,32.388711647517106,1.9718846048387295
station_9,2018-04-21,8.378280765730612,0.7754165313296091,2.3295569934667415
station_4,2018-09-08,17.351181743784714,14.044098259312188,5.085224628897292
station_4,2023-08-17,8.184625779441028,10.397817964469496,5.909358492535186
station_6,2019-04-04,6.848088479347471,2.0992714454794115,10.599406820428412
station_3,2021-01-12,8.45730522587563,23.963004495726874,13.567837710060262
station_6,2018-07-27,15.452046476262488,9.086164661407825,11.855418817403695
station_7,2020-06-18,12.220449301081501,37.154076981569006,2.967206745790336
station_10,2018-01-22,31.24815985903026,42.39639418816743,3.4417206490525287
station_10,2019-02-14,-17.030188790380002,27.27925913345739,17.57538499585829
station_3,2020-06-13,29.999024288380753,49.08536712605708,11.167046301282273
station_7,2019-05-30,30.63547675670344,22.523928573529766,17.39875665795378
station_3,2020-03-19,-2.905518708142349,25.668410511245774,7.4309302263974875
station_2,2020-05-23,7.771117300951037,49.46088769788751,12.288000148626477
station_10,2018-01-14,6.3123093122461285,11.577421798252441,10.473268321092215
station_4,2020-08-28,-6.889409938752182,47.12729698384526,6.382469796409252
station_8,2023-11-05,3.8078108251789864,2.1418777559556625,9.398307440671907
station_9,2022-04-10,-17.336733669748735,22.319344513159738,10.04981753653864
station_7,2021-08-17,-3.330675633095936,3.5001756066532885,4.015419495133572
station_1,2021-06-20,29.00093052704308,36.46173714568215,6.300207447534632
station_3,2023-12-10,-2.9262618942261476,30.42044679400089,15.828195010139511
station_9,2020-01-20,29.09240012489485,35.33171317337982,18.315764789082543
station_1,2019-11-16,11.89596787626585,18.72401999840085,7.195881870905989
station_9,2023-04-12,32.7917606416696,18.474096701569014,6.1394456441803635
station_8,2019-11-26,14.486773255864911,2.26596394804473,3.9039432914376504
station_1,2018-11-03,-18.219906616115612,17.49724697648199,13.569823373011625
station_6,2023-06-13,20.52521245282535,46.464420113102975,6.461994033326746
station_5,2019-10-24,-17.30878591858588,18.96132685902245,19.75499078198377
station_6,2019-07-03,7.035821138988037,41.568385311098496,6.513696041279065
station_10,2018-11-08,35.765601668386836,42.1162752374967,7.8827209356525625
station_5,2020-12-18,-10.08776363972899,18.662057818961692,12.066683924240696
station_6,2022-10-04,3.3923411764926463,31.599434019809454,16.0336858638261
station_5,2020-01-25,23.791618530908707,4.7685801136529316,9.390373306912673
station_5,2018-02-04,32.93551336569086,5.183929036713825,8.453120675779166
station_4,2019-03-21,20.256580284550473,2.4328831830856656,19.912756671896165
station_3,2023-11-11,-4.509604748529847,29.050754668755474,0.20987282279888886
station_3,2023-06-06,20.47647117497297,21.303548881304852,17.901305777024916
station_4,2021-05-15,-2.196341533754598,27.401617833212004,2.9828165187947486
station_9,2018-12-19,23.105753789124115,26.05365952541939,15.718505524178267
station_2,2020-06-21,37.241987655102434,17.510149554536515,12.358631196925959
station_9,2021-09-17,23.2836070663773,33.87367074117365,6.836945709961841
station_1,2022-10-15,31.77283017474474,37.925094045819534,17.477499110420368
station_1,2018-06-08,-19.873769409446997,0.7314129438837857,0.2581445596198395
station_5,2023-06-01,23.054327483895662,10.362114988443915,4.533813041498473
station_6,2020-08-14,29.775253411915017,35.66179340416684,11.33785592499072
station_6,2023-09-03,-17.566475747319114,19.33100863169171,7.03084520099396
station_3,2019-02-08,32.295863637293834,33.12419734708041,12.207549906366552
station_7,2019-05-31,-4.59834630139725,17.348132986727922,0.4822038681733365
station_9,2021-10-19,19.917526118683313,19.537757616481855,2.3291786096342504
station_10,2020-08-13,28.021292741404395,7.933943684484246,2.5419248043687848
station_8,2022-09-09,19.759870783561325,12.911550983308,3.7856729183201887
station_6,2019-08-31,-14.462912475604565,30.270587875379363,9.186628816010856
station_8,2021-06-27,15.779291131622102,21.65815556575832,15.042573990871425
station_5,2022-03-16,12.975019403328616,38.715134147229755,18.110776758578023
station_8,2021-12-12,34.01927608445629,42.62924774691714,16.707450605684922
station_10,2022-12-03,4.254383778652549,27.082320910837993,3.9377574355136713
station_4,2018-10-22,-0.7351341747769915,37.91336460280296,8.823011044612647
station_10,2020-01-25,24.991045866187974,15.3452256597285,3.9882319551707
station_8,2021-10-26,4.760519565003797,20.74856077000391,5.289436333343815
station_10,2018-07-05,18.76577050030378,35.63888381084155,10.070939630237723
station_2,2021-06-23,18.78700540747642,19.310599640851535,1.3621804944704508
station_5,2019-09-29,33.28234386160707,29.42524675794944,4.363486591865464
station_9,2021-07-15,15.921544139145844,9.268638954125574,18.707563226142344
station_4,2019-06-14,10.129216597719214,29.9885657485249,9.32232585316978
station_6,2023-08-31,-11.66772041620898,43.07568536134468,8.907730519557443
station_1,2020-03-04,-13.055743599277678,43.431981991171284,0.291343095025578
station_9,2023-11-18,-10.740706083015237,36.21722031647698,4.9479949411669155
station_1,2019-04-23,-9.689091120374329,37.2876689538063,17.325848719643627
station_5,2022-06-11,18.27262555981803,27.896372257535035,3.292568565173375
station_4,2020-07-28,24.458875016474707,29.233404508291237,8.302498790694422
station_3,2019-06-10,11.799491375585124,6.6825290705259,0.28661811734002507
station_6,2018-01-02,29.741063952729462,22.192959421065055,9.566709633411117
station_2,2019-01-10,39.475793604017994,22.538814194318192,0.42042213452434307
station_3,2019-07-07,29.20075774716136,47.92489178338701,16.392191061315998
station_5,2022-03-06,21.69294242055755,21.554343131164472,16.497075349742072
station_9,2023-01-26,11.949561966228796,27.467132245137883,15.754843766047397
station_2,2019-01-16,6.931184300482492,26.662569963955125,5.6672813778223645
station_10,2022-07-05,-14.93645716732746,31.83808585221636,16.74474436443636
station_8,2018-01-14,3.962124903681456,37.411641566594795,10.859962652105386
station_2,2019-05-19,34.608078206928056,11.252093808543606,7.476162177340049
station_5,2023-07-02,28.481357794393176,26.436220954921787,12.50659919408466
station_7,2018-05-10,-7.036918099298768,41.295885365801524,0.24682092120748012
station_8,2020-04-17,7.996467081832954,23.155735691875574,2.859217552015043
station_1,2023-08-03,29.003392153512678,13.922877318678651,14.845870763405255
station_6,2018-01-28,-15.956926712868649,32.73545376781495,4.8832321743230604
station_1,2023-10-15,3.2435551401195575,41.18836978995615,11.960182346574992
station_2,2021-06-06,31.110474212436856,3.157014646369566,7.702052056460593
station_1,2018-09-18,4.233871850207425,38.83952417036136,17.09611557598523
station_5,2023-08-09,-15.343121316113548,41.08239664808856,19.04830611993287
station_10,2022-01-12,12.552062111935086,23.07614637943034,17.67129456740381
station_9,2021-12-18,31.704549695097718,49.16528284092337,5.4123998938719335
station_6,2019-04-05,15.417132577189584,39.33541703536545,3.8832573809216453
station_1,2018-10-28,-6.423253507146091,38.68312824478329,9.4886978724147
station_1,2019-09-22,3.0543772082428795,37.39192872060359,0.1466830167236055
station_2,2018-09-27,7.007401670915932,7.5304051609137,0.5161878572636347
station_9,2023-06-17,14.755981229231608,10.861544322650541,11.065812792460001
station_3,2022-06-17,25.561061545156782,23.19950657322125,10.408988083305719
station_1,2022-12-07,-14.067582941561875,13.200217497973293,19.891639780705198
station_5,2020-05-11,33.379121981053984,20.76204861670202,4.036836707275162
station_7,2021-07-04,-19.261417819035465,44.42320549614603,5.162078583209368
station_6,2023-12-21,2.203140080455313,41.21634459396346,2.270812846525734
station_1,2022-12-05,-18.35478140164054,31.501993923999112,18.350860193074894
station_5,2022-09-03,3.578453520717474,42.90601971255518,15.556224889169014
station_5,2019-07-30,11.548755932399427,39.18861945086246,16.44678222913695
station_6,2023-06-27,10.700883194890704,21.449246592044524,18.055275759290176
station_3,2021-07-31,-10.06229917830408,10.053257602497256,10.497999734516766
station_5,2023-05-11,18.74443060573674,25.71005200046696,9.023863829014473
station_7,2023-07-14,-17.313292969719907,36.8114441264275,6.60782947331233
station_5,2022-07-14,25.714409207944925,21.820979936479652,11.78429228695711
station_5,2022-04-29,36.798666039612776,33.33859548919486,9.085567935796451
station_5,2023-01-22,0.3861296290670744,4.716371314552181,9.031311732111503
station_10,2021-10-22,11.034362902859915,37.40023681857017,18.738557274622778
station_10,2022-10-09,2.734616683528863,40.6356809946531,19.680630285582602
station_3,2023-04-10,-19.597376581756404,35.34189278902706,15.929687786591614
station_1,2019-09-12,3.1524701737069556,48.36317937631828,15.135161804938566
station_5,2021-06-28,27.50321555568079,41.33260287303202,13.61116323558203
station_9,2020-08-14,15.759330531008906,45.154686393826914,3.3214970466702742
station_1,2023-04-24,-13.924405123090464,46.6785541728824,1.1821164175130905
station_3,2020-08-26,30.828369381627105,40.067399593690425,13.814526302265262
station_4,2021-08-09,11.86512069311457,33.71294210032495,14.57572444513152
station_1,2020-11-09,30.503401704680563,0.2859290680394644,0.9394598219627959
station_1,2018-10-09,14.813291127101763,23.291287661156236,18.56103500457696
station_8,2023-12-07,13.581306690276392,28.55811493111805,1.8228127888935508
station_2,2020-11-24,-13.684448888179258,15.20151362239998,5.718010675424048
station_8,2018-07-17,-9.958416011682322,15.905222345173604,13.44779625597409
station_7,2020-12-18,38.321515389795465,48.05797078550826,3.3974518880895266
station_10,2021-03-30,-6.290795194713754,44.58554326013729,1.1083177688448886
station_10,2020-10-05,38.64712707942208,42.45895027508521,6.622929783282996
station_2,2021-05-14,11.914762391455803,20.30059008530553,15.319431497103581
station_6,2020-11-01,-11.852657176163772,0.6849275204457272,8.273573579705207
station_6,2019-05-05,-14.041867834778422,4.011112322785704,13.059458438158787
station_3,2018-10-03,-7.468155757655602,15.609818410880184,11.592381944562733
station_2,2021-05-24,35.53823980152015,0.7871456497838492,0.4443696405116082
station_1,2021-06-28,4.849013459693609,0.8574890957599057,19.770799740914132
station_6,2018-05-06,3.7260560795748603,45.83016508212055,0.8285617763877551
station_5,2018-08-05,-1.2076243357895606,35.307925105952705,19.3560547529697
station_9,2021-04-23,-11.176288966004698,15.447799503407634,10.997283567287964
station_1,2021-05-31,9.271071831544386,6.632228880047658,19.26318054130133
station_7,2020-07-07,-12.19713304933168,25.581785894753857,2.295071988276709
station_5,2021-08-10,30.128814182939657,0.26730804271822284,9.808170383710264
station_5,2022-07-20,2.22381917651839,46.9206871929072,3.3900818373211727
station_2,2018-11-04,2.48821406690778,20.74075596944736,1.0194975404488482
station_3,2021-09-21,8.440385708989353,20.116747761866637,12.35058230124623
station_7,2023-05-24,6.647662789945098,19.529680379089108,4.1556684192338285
station_6,2020-06-10,39.69147838355929,3.466416519388238,11.75394036575092
station_2,2019-01-10,12.722867273098153,31.91611198959133,2.2472896389797126
station_6,2023-07-27,-14.707897772607758,36.65018098141767,6.639729428654055
station_2,2021-09-26,16.4126404946158,33.806269879414515,15.632651161064944
station_2,2018-05-09,-10.904942427807203,6.921774666469716,8.741030436843753
station_2,2020-10-11,-18.14374131611948,28.942008401779628,12.554908297946728
station_3,2022-12-05,38.24452922063489,28.474224208612693,12.94915881491092
station_2,2021-10-13,26.412333492073834,43.4205393970691,16.875100879745872
station_4,2019-06-01,38.806539544826016,18.95638291878235,6.498455888132826
station_9,2022-02-27,8.672706881334548,18.574297182971712,13.745911251650352
station_6,2018-03-27,11.935451868938568,30.92635293590928,19.232316140923313
station_1,2021-04-13,-9.899782644852186,31.65363267497565,14.604866687157362
station_8,2021-02-16,-5.185554399944865,23.46426136628952,9.797409534354891
station_7,2023-06-17,30.31295289416969,22.152968116521055,12.614348889838585
station_10,2023-12-02,1.371138827055649,24.707383531894134,14.793657955262162
station_3,2018-10-30,29.608898427785142,43.05226497516559,12.245515313877448
station_1,2019-08-11,22.540823457221904,23.0583450626955,0.33351626979678306
station_5,2020-09-13,-9.36974448368807,46.99658959849112,3.895469953744517
station_4,2023-02-07,10.446781967184528,25.2001881798163,16.20936434430932
station_10,2018-12-11,20.64323929112301,47.46003465904457,5.453012946249693
station_8,2020-03-24,-5.897767111770493,41.64159509345379,14.631242391222678
station_1,2023-06-11,29.841310631204614,18.121566130791457,7.442404304833974
station_10,2021-08-03,12.689659452711211,43.1820710648308,10.437686563158863
station_1,2023-06-23,-10.085476973443807,5.503164210055761,1.359465996388074
station_4,2022-08-05,14.979065569876148,46.252358767150724,3.624511220994191
station_8,2021-08-20,39.982828249354846,31.582175754144583,19.143939270384692
station_5,2020-12-28,-10.968710500195186,2.719537426115559,17.80276106893828
station_2,2020-10-06,29.005415807171687,32.21283618254058,13.045502217981005
station_6,2019-12-05,-7.561459808746523,48.71238270723781,9.192891947714747
station_5,2019-07-29,26.94329976760524,3.4900327307314463,13.515225857904476
station_2,2022-05-28,24.074675387284792,27.734385489004314,12.37220578187878
station_3,2021-01-17,-1.9706368639740575,37.389717487968625,11.371045112092242
station_9,2019-11-19,-0.45061294613300973,40.51292933497657,1.1835414372708364
station_7,2019-05-04,27.551283517775147,20.691373266039793,12.656052213230138
station_7,2021-09-09,7.6867307132387594,10.20832795841215,15.378400891423368
station_6,2019-05-09,23.849081722708526,2.117113938619192,19.88163309291151
station_8,2022-07-26,-11.120951158049914,28.986307854861238,0.22157105188619353
station_4,2022-06-26,31.153466914093208,22.64555351338054,14.603469066213533
station_8,2018-01-19,22.653083000939148,47.43721975748555,11.43578631871961
station_4,2020-09-27,34.41656853009003,3.030245385745489,8.681043521619134
station_8,2020-04-30,-12.057657257901653,34.269767172300284,2.5514034914274175
station_9,2021-10-20,15.58087002163586,1.2483111060028584,8.181702972697524
station_3,2021-09-16,15.947235102419512,8.571708835527136,7.087543659722706
station_3,2021-09-29,1.2076444328069478,22.678949996141707,6.056597779574844
station_2,2020-04-01,7.507985474155468,22.74362214014341,14.617592466444155
station_10,2019-03-31,-17.72110620260879,34.2850271466822,14.014510425685277
station_3,2022-06-13,24.751602317620723,45.51065174338783,11.78040181961823
station_3,2019-12-12,12.959348764190445,31.95160794574604,18.773296265867444
station_5,2023-12-31,-16.535536887849574,47.67675489257544,6.997087683617089
station_5,2020-07-05,20.845353577629133,44.08078199389988,4.8760387542035915
station_2,2022-02-05,8.006924633871275,29.224989776539513,13.118066261967991
station_10,2021-12-11,-17.9323244345,41.68959754594137,3.976281218748059
station_6,2018-11-01,38.17646361088572,32.1288805161817,6.300210143668492
station_5,2020-01-06,36.94672858536643,3.9278915461863573,4.492048801497697
station_6,2023-05-18,10.774144968831855,37.028236162975496,1.3830713543700246
station_1,2023-11-20,-14.379654757645389,4.745422063367311,16.549974832713467
station_5,2023-07-03,25.277273295915506,29.70413902848562,5.0908108584332235
station_9,2020-08-19,9.515866006343742,35.132010292911446,9.460550066860414
station_10,2020-10-23,-1.8531513026372046,3.326380410542762,0.866305465086239
station_2,2023-11-03,9.485090651713406,11.539732696326588,13.986789325052861
station_1,2022-01-13,11.346648724327867,45.78361161308249,6.611220046125816
station_10,2023-05-02,13.762701941340353,30.815724611644818,14.894734556584199
station_9,2021-03-23,6.473422819319591,12.314300940526579,8.248061209357322
station_10,2019-10-27,16.3453181883434,34.53398855740033,3.9151121281124923
station_9,2018-01-12,35.12408263638264,29.83882099808448,10.263501645640718
station_9,2021-03-02,1.7360852259154704,25.07878499589742,2.6100911927487958
station_6,2018-10-31,23.542987793196943,48.80934874940419,8.810783197459894
station_8,2022-10-30,33.66715340945393,34.172688870375445,6.34610954840973
station_1,2018-02-12,7.358756545596215,18.772055483395633,18.239191683992665
station_10,2020-08-01,6.607350182914246,40.0036716038434,1.218574434414399
station_4,2021-09-11,16.12701912128677,44.22916464605939,13.880348282114841
station_1,2020-06-09,15.484405565349284,6.2610279758415714,3.655023319748718
station_8,2020-10-01,28.39536053957662,10.027648892263324,6.380901486644797
station_1,2018-01-21,8.589003026697561,10.811350456388984,8.310281261241318
station_3,2019-02-11,39.76737697836647,34.56059046932702,18.160301787499485
station_4,2020-10-11,-16.431705867963153,30.151977752664166,4.851565321476503
station_8,2018-12-02,-19.809929085157897,30.949578234929408,1.8261760508934044
station_6,2023-01-13,18.411898693577427,47.03866498447505,6.373792079810472
station_10,2021-02-21,-2.0939052582874,38.7955766403653,2.093519410710667
station_7,2023-01-02,-5.577056678030971,6.396846225589159,2.57192971921105
station_8,2019-12-16,-1.2860551997431742,17.37535412125905,11.477011959500533
station_2,2018-02-20,-4.637146093702743,21.76968230878678,1.2180386619898664
station_10,2018-11-20,-18.15259702037313,19.798079437380245,0.6186176278713207
station_8,2020-02-28,38.291982543435324,33.46543045809396,14.288282029409956
station_3,2018-05-21,-6.755270692833095,44.594655162828126,7.23294189682089
station_7,2019-04-15,24.041785755358376,15.3025731761394,2.5075069846774656
station_3,2020-02-26,25.75578368165052,27.593856821059283,5.072255417194165
station_7,2022-12-31,35.75544388043376,39.47047109567928,12.841730147047981
station_2,2021-09-19,-18.1670325743972,20.810902942267468,5.5107313428170235
station_10,2023-04-01,32.32290030682046,8.405906419964793,9.890422502408159
station_6,2020-08-21,11.633570850388011,23.74754826318741,2.4339061345334456
station_3,2019-01-08,17.952646597949673,2.7611260371514232,11.761872752108939
station_3,2022-08-20,18.66821662726202,47.11917270011384,6.321553676865282
station_9,2021-03-25,29.187868299083654,3.741060259748652,12.539368690574332
station_7,2022-07-30,0.004439329546631399,21.92283576252891,16.16789764608046
station_5,2018-04-16,23.9830713915996,26.49406305442631,12.232928387799848
station_10,2021-12-14,11.714686583331826,49.26519161436428,5.914951251900414
station_7,2022-08-09,27.603640858320865,8.30109118214304,5.114874030966008
station_9,2018-01-02,39.432761966208005,5.721575930617928,6.54841917466896
station_1,2023-11-08,-7.960938955774326,0.43530735312717894,3.292410264730097
station_7,2018-12-16,39.67891849359987,7.778571843465115,3.6234370170004015
station_6,2021-07-10,-14.61127074303356,10.36364895338338,15.813822038003359
station_10,2020-11-28,-19.860947125711167,31.529047079154616,7.694651530148899
station_9,2019-03-21,-17.350283829330124,10.98533951957002,8.719903611411716
station_1,2020-08-09,0.5069442842057015,1.0260407364662605,11.880989311336222
station_4,2018-02-05,17.97437984070605,41.330917275124435,11.793069903030952
station_9,2021-01-12,-15.858227546729022,18.27978505019834,1.3475374304385146
station_4,2022-01-15,-19.660051128225962,17.684834329036697,16.630815726753312
station_10,2022-12-04,36.225461707527685,15.123951458396329,3.5465310644787884
station_3,2023-01-20,29.31559815639578,48.768663857321044,14.461432720993377
station_9,2021-11-09,28.550990268341863,8.505770865464074,15.453419762563332
station_2,2021-04-10,33.065456530118624,44.91190319766176,14.297990681826274
station_4,2021-10-31,22.002056366326265,38.840166606994394,11.579552931082905
station_6,2022-09-05,-13.735752215115113,3.8239977749656537,0.2921799421776572
station_2,2021-10-17,3.946011284423385,49.33645507504244,7.207509847263413
station_8,2023-12-29,23.38896918787777,13.568298176950528,12.096788587251623
station_8,2021-07-24,-3.1799323525087466,4.929146351120616,7.749025918450774
station_1,2021-05-28,21.244381848174257,41.46571170628797,17.26959789825626
station_3,2019-06-05,-18.53009310394086,35.33377668388499,6.176045506992307
station_10,2022-12-12,-1.6317595472244086,30.86094029389504,5.870695849173209
station_9,2018-01-10,12.947820176630358,7.799043184946658,5.319953861853159
station_5,2020-09-10,17.925389770374537,23.924805812798095,6.65561737921591
station_6,2022-07-15,14.622439867714647,39.02780134436069,11.148099286283744
station_4,2022-07-19,21.86537656440577,15.181196907192012,14.140305885451816
station_10,2019-12-21,-19.634675105609656,15.584491425752073,13.251358354775702
station_2,2020-12-08,-13.94352800134871,0.1570453024061058,16.15435639962959
station_8,2020-05-08,32.1366551367487,8.712170082268978,17.7182799099485
station_6,2021-08-09,20.904918645409673,43.770281256091714,16.321580846867025
station_5,2022-05-23,-13.224101438839321,22.087324581885355,0.3789080674870915
station_9,2018-02-19,30.524466243914752,49.2117249617217,14.718359071039774
station_1,2018-05-26,-5.466126930525984,19.78539817868963,4.167991472366632
station_5,2020-07-03,8.69559305171341,35.75932273901206,2.658560854159653
station_6,2022-01-02,-11.288209226920383,14.095952145236456,12.76977569598271
station_5,2019-08-04,22.6066033853024,18.190482057046676,6.394863908153898
station_6,2022-05-04,20.01126526085607,9.536299379544733,1.1423432674088652
station_6,2019-04-28,-7.333251730031829,17.35311842496975,2.752594687967227
station_7,2021-06-03,31.804046011420112,27.361876021032156,0.018588337399221277
station_4,2019-11-04,4.07836145318273,49.58864404896247,18.064472546894145
station_8,2019-09-23,-2.449094535755492,33.21008565358928,0.4923596768247718
station_7,2019-10-24,-10.860224632127872,9.962297720415702,4.189115390190221
station_9,2020-09-14,-4.029919249067753,2.2480720795775566,8.325255613758147
station_7,2022-03-27,-18.67838472657098,6.31782406572553,7.131426519016381
station_3,2019-10-12,14.995449547366931,28.127760063652367,18.234517538255513
station_3,2020-08-26,30.533844780636876,38.25801644083832,0.8057789146908423
station_8,2021-01-05,12.93882696649851,47.02096036503735,10.24429415354103
station_5,2019-03-17,-6.843562284567458,0.7911585998410409,13.60958925048748
station_4,2020-07-09,-17.979849307167637,26.13800707809349,18.633959473623378
station_8,2020-02-09,-7.122315604471829,23.543367811158838,12.40742504247442
station_6,2021-09-05,4.967285684265541,32.8027510987852,16.075104720235252
station_2,2023-01-01,25.576685721987786,27.978942723267096,1.674498756906968
station_4,2018-09-20,-8.729428847733553,34.35195752912403,7.7187902187385475
station_4,2022-04-27,23.187487201281165,32.904129237459514,7.478942689581349
station_6,2020-09-25,32.01600810111302,5.85058624289731,17.72576432911435
station_6,2019-12-01,7.236810886501424,39.98589568093598,3.0274234252654986
station_1,2022-05-23,29.2859194985556,6.161628785816243,3.0377234467326053
station_8,2021-05-26,13.279440882105732,34.926531260456855,6.57116299771597
station_6,2021-01-30,18.2254502248543,20.807268382030337,1.0893209473367516
station_3,2021-04-05,11.576707620292161,25.692536728829896,3.649160813049801
station_9,2020-10-02,7.790363005080504,45.164900718785525,19.304192770914703
station_2,2018-02-05,-5.92079349344904,44.49418632367433,8.563678797343456
station_8,2020-01-14,-1.8083564323372379,40.89281528275148,12.640384168448728
station_10,2022-10-31,-2.6017928633834586,25.507419022816162,14.522225186892738
station_3,2018-12-19,13.79733585722888,36.81199050669166,7.33922814014401
station_5,2023-04-07,-12.802778418566605,25.644852775940468,2.9445414882103393
station_6,2018-03-14,35.00750144214011,43.480304123738875,4.131620324435616
station_10,2021-10-08,23.2393087169868,20.138791661644994,6.265329531612207
station_6,2023-03-30,4.086737854791618,48.51176722074384,12.721368407044514
station_4,2020-12-29,-10.482551328417323,46.61613791144388,7.965610981781088
station_3,2019-12-09,32.91953018329815,37.080130972589274,0.1362939580025624
station_4,2022-12-10,29.426685406069915,13.9707942088036,10.468143701349437
station_1,2020-08-13,23.30329316303076,6.58267943966292,18.430267838148357
station_4,2018-06-09,-3.707177155325457,42.73517250465987,16.24155222017358
station_1,2022-10-02,4.146798246020136,8.265114306898063,16.50422742519262
station_1,2022-05-05,-13.835104852854599,42.713039449866784,15.901160352122623
station_10,2018-03-08,-8.657628516348097,24.538250335618024,6.474616512208473
station_6,2018-02-27,26.980998239003974,20.32783919040521,15.303876675087839
station_5,2018-12-08,22.90232313104103,45.15953894172146,2.86322715622386
station_4,2021-02-27,15.609145778556083,30.192549127013894,13.15432294551907
station_3,2021-04-10,33.743603555570374,28.830700356485888,12.831371333699888
station_1,2021-05-17,14.995991068782722,27.938297231219885,0.5113959817946934
station_6,2022-02-03,8.018079997816642,18.55847580097657,15.759402671818632
station_2,2022-12-27,0.42224477834576035,39.282155176456364,18.064962101902612
station_8,2018-04-26,36.42691034417035,12.63992220078865,5.348305569442154
station_10,2019-10-24,-15.03707230853879,46.944748002063754,16.24781448372302
station_5,2022-01-05,35.8532423236485,44.69926025234804,1.648119437238964
station_7,2023-02-12,29.602879595861097,16.874016283744908,11.999357165221321
station_10,2020-10-13,-12.204204527857922,36.47318849158319,9.712937306685543
station_2,2018-11-07,13.899061460515213,28.661159722479574,10.91847066618
station_8,2018-07-27,31.992878904945215,16.88246509996173,18.5241040376869
station_2,2019-09-25,14.30854981642922,49.42608239977233,17.42630494493707
station_4,2023-10-04,34.431989293637336,1.2618672924132102,15.70167314479514
station_1,2019-10-19,36.57902900896255,12.632301531064332,5.4739691535674195
station_5,2021-11-24,5.343071331058354,26.00370305555752,18.236372573721834
station_9,2023-04-16,2.638819684379417,26.097650173928194,1.950153849277505
station_1,2022-08-07,36.17926923814941,29.446653747278205,17.066584331175754
station_9,2018-08-25,20.508403668980087,37.58380860114596,6.563201447072156
station_8,2018-12-14,-13.038639119109842,31.17389152596482,1.0754462332396675
station_6,2019-09-22,-17.462495046639127,30.01407302640185,13.387139684814965
station_7,2022-03-21,13.877743059835787,2.6757231456521646,4.625598566319109
station_3,2023-06-27,35.810257926305475,18.826514389464915,4.871422517292638
station_1,2021-06-25,30.6549221443491,11.6027869850578,6.12094332457543
station_5,2018-12-30,20.550864787860185,13.268505580098772,1.2736953500503345
station_2,2018-10-13,-11.653049066534749,27.716873717017243,3.5425428839650808
station_5,2018-05-29,-4.746116975078266,9.97526574648042,0.10279255171120605
station_8,2021-01-12,32.53067359315697,14.697455050844876,8.908190422115736
station_9,2019-04-01,-9.031565800585973,11.854235425867005,1.6851075483594258
station_2,2022-11-02,-3.2936355049739277,47.42514716090974,13.65305210088398
station_3,2020-03-10,-12.223960928273483,47.23328660855476,4.712457023832968
station_3,2021-03-30,20.56649388486467,30.497077929802586,18.871482880703542
station_1,2020-10-09,36.63893832179257,46.226123436594996,17.425032547973053
station_8,2022-03-04,-3.8619181042768425,39.29063227341866,5.788817899364165
station_6,2019-04-26,8.524396471004422,29.49739414009044,15.664309093133575
station_8,2022-08-14,18.060384382672254,0.3217605748397856,16.064898093296126
station_9,2023-12-02,39.96797489293784,38.6258143039702,19.73126228228821
station_5,2022-05-21,-13.711516100145673,35.124417079423445,11.956799736913698
station_3,2018-12-07,9.91424797034255,30.7626826641207,1.6393146928732438
station_5,2023-07-04,3.1072071941500035,38.02121558412359,12.93674457852762
station_5,2023-02-10,31.949209913341306,25.646108238738286,12.499594967520704
station_5,2020-04-14,8.558063860699356,35.20416356606695,12.767011548408636
station_3,2021-04-18,-13.341348524891114,46.758604336324666,6.14291296208423
station_10,2022-09-22,18.065448717195018,18.790250792304313,17.193591701606657
station_4,2022-08-17,26.246837095832788,35.40609174503127,19.18944365910824
station_9,2018-11-07,-19.827124900063126,23.784390900547937,4.354250259563031
station_10,2018-09-19,31.53740112523777,33.719982590699075,1.763043162732889
station_9,2021-12-13,-8.838619999660063,38.14466677771821,3.8907006633696817
station_2,2019-02-10,13.124161879202674,2.272625021789798,16.411042785114375
station_8,2023-12-31,4.947850041247008,32.330022197433095,13.53289269639695
station_8,2018-12-08,23.17922899663182,11.337059220347228,12.720946846782532
station_7,2021-09-01,2.2696968871445087,33.50162689037834,8.03586270218849
station_8,2018-09-01,32.18579060090265,23.416509296690673,11.556559430228715
station_3,2019-05-05,23.829781657527413,38.67763709324436,6.157482505487348
station_6,2018-01-12,18.86279026377529,6.1700407602798215,9.544001588359226
station_1,2019-07-15,27.774435733771256,31.316117582809756,15.861260567413119
station_7,2018-02-11,25.24138209570294,13.923536446377616,19.624831949109243
station_1,2019-08-17,-17.8436795047068,42.649099766529574,18.649778471796036
station_9,2021-12-23,3.6840612306896894,46.41917528181537,18.677318856924977
station_1,2023-01-01,35.84843783898939,49.819914683952774,8.044474696942247
station_1,2022-08-21,-12.456543860466427,39.80037012136417,9.37579761013582
station_7,2018-05-14,24.225793025923075,37.686703521400226,14.112707927379631
station_2,2020-08-05,38.47550868011978,10.775037943377551,18.443838561025686
station_5,2018-03-14,-16.8680822573017,16.800352949505438,2.839885187041693
station_8,2019-02-03,20.93163283759663,23.284127088113976,6.084837276543915
station_8,2021-11-29,8.089248478061823,38.66905238911249,2.7849368918821904
station_3,2018-05-10,14.75051532248333,45.74829325389843,12.240170599189106
station_7,2022-12-17,-14.87951981094051,9.45695500114923,6.126019937750751
station_3,2023-06-25,-17.41958288798363,46.11837423350514,6.522157050251469
station_6,2018-09-23,20.011999633055304,34.7812326177029,1.4183191897595848
station_6,2022-04-10,29.398565789243072,30.538536534251932,6.995921236151839
station_3,2023-06-09,26.920920095978033,9.992063564096975,17.24993014803171
station_7,2020-03-03,12.628343671974243,2.7762516404575277,4.661456237816699
station_3,2021-08-05,-14.00799073182931,28.423244925396997,13.903749324201314
station_8,2018-06-13,21.282666630160833,32.57578416644462,12.592566898771853
station_10,2018-04-05,-5.486666986751242,10.539072467734412,17.269692167382306
station_4,2022-12-11,34.664122166043015,27.82281029127282,2.645758953020765
station_1,2021-02-07,30.295921572742294,42.82467013812868,19.551799206900863
station_4,2020-04-01,22.562978025243453,41.753297272751,11.652572920807312
station_7,2018-08-26,36.930757349867825,46.36775902931486,19.909483046936288
station_4,2023-05-15,-18.114690709323625,18.294290477844022,18.230294517317017
station_6,2020-11-14,24.17202550364572,15.902478627545936,4.430345442262116
station_9,2022-08-04,-0.18543323981567994,37.471300299040436,1.123240198066262
station_1,2020-08-21,34.363953141181916,21.55562025485025,5.112781875907231
station_5,2019-06-21,-3.9994882002813448,4.377433201389031,10.551272979988397
station_7,2022-05-23,23.491389958901024,14.140056533524985,3.4319273413038
station_1,2023-06-03,32.65882117904688,20.929114276574456,3.34919489035977
station_4,2018-05-08,-17.500590897039054,14.625821273812601,9.251870942103062
station_6,2018-04-02,3.8588547755221683,16.610278547366082,0.6653594233871685
station_2,2019-06-27,25.73854192131632,14.688795308719538,2.437761650645409
station_10,2020-04-25,7.2951333704552255,2.074958359153972,8.317226788158951
station_5,2022-08-09,-3.96484221238428,31.854735041222128,1.2625981841593292
station_10,2023-01-26,-6.811679070608598,29.864621017673464,7.935101129110587
station_1,2019-01-25,-12.108903985017324,32.66917492393403,9.480125318968902
station_6,2023-02-28,31.427773591376933,9.615494801681374,9.025332281462289
station_6,2018-02-12,14.521324195093356,14.782727080624264,17.383497148061746
station_4,2018-09-11,-15.41690330051264,30.980796347246116,10.601249101034648
station_8,2020-12-19,2.954819414238127,29.98137842299607,9.359609249560867
station_4,2022-03-21,2.0640190483065943,25.31651546771339,8.214184907833324
station_8,2023-05-08,-9.09564855743222,17.52066250050987,16.35246756608972
station_8,2019-10-04,6.130457528331441,45.6465502387345,17.901132079996664
station_5,2019-11-21,-0.07403807641181359,16.98851211494219,17.064849383942352
station_4,2021-06-30,0.5082223295309518,22.78095782186258,13.470931562627817
station_2,2023-05-05,24.34159346727752,33.90569154771044,2.7472349193734846
station_3,2020-12-15,-6.604196869688222,27.151071543338208,5.537399389840245
station_3,2022-01-26,18.51159753132132,17.34429881821928,0.9212612736395487
station_4,2019-04-02,14.238977432856089,21.782239522825492,18.616481499802283
station_4,2020-09-09,14.08555074027204,39.724040892675305,13.215970593818207
station_10,2023-11-01,19.78044076850656,13.906457774330622,14.92725768626483
station_5,2021-01-27,12.902922171739235,7.112761988840771,6.231434791644579
station_4,2018-05-29,32.755306890783075,15.658160091488854,16.913070445546847
station_10,2021-09-14,20.53480551701559,42.476710774395066,5.19206567416957
station_8,2021-03-25,12.81779508228329,4.449485742817333,0.03287514224899368
station_6,2018-07-09,29.785787217258694,49.58480366862259,7.528299250413879
station_6,2020-06-01,16.368793896008782,27.050144946383124,11.415229619181469
station_8,2019-02-04,-2.5313451328892604,49.2422871983547,9.574097159310451
station_7,2019-09-01,-7.574304909405727,46.94982110429888,17.24152285153194
station_10,2022-12-01,-10.860332860239271,22.64068571054584,2.1081057191233388
station_10,2022-06-27,33.9673127527661,9.924553730267455,11.076468812674511
station_8,2022-04-25,22.608125907883952,8.244238828256922,10.259586996418149
station_2,2023-11-19,36.24270628985924,11.999468193497876,5.62785964344326
station_9,2021-10-14,16.197508342896583,35.50663202822687,16.444562251540212
